seed,endRound,cause,baseHealth,level,actions,skills,milestones,baseCurve,enemyCurve,error
1,11,player,28,2,348,strike|shot|mend|guard|spellblade|spark-burst|volley|flurry|arcane-rain,survive-round-5|buy-upgrades|survive-round-10,20|20|23|28|26|31|31|36|32|28|23,1|1|3|4|7|8|10|12|13|19|20,
2,15,base,0,2,492,strike|shot|mend|guard|phalanx|flurry|volley|fortress|arcane-rain|meteor,survive-round-5|buy-upgrades|survive-round-10|survive-round-15,20|25|23|24|27|25|21|24|24|29|22|16|11|7|3,1|1|3|5|6|9|11|12|11|18|20|20|20|20|20,
3,18,base,0,3,616,strike|shot|mend|guard|purify|volley|flurry|phalanx|meteor|arcane-rain,survive-round-5|buy-upgrades|survive-round-10|survive-round-15|defeat-elite,20|18|18|23|23|26|27|27|32|37|29|29|22|18|14|6|3|3,1|2|2|4|6|9|11|12|11|19|20|20|20|20|20|20|19|19,
4,11,player,12,1,280,strike|shot|mend|guard|spark-burst|aimed-shot|purify|volley|phalanx,survive-round-5|buy-upgrades|survive-round-10,20|18|23|23|24|24|25|26|22|20|12,1|2|3|4|7|9|11|13|13|20|20,
5,10,player,22,1,259,strike|shot|mend|guard|aimed-shot|flurry|volley|fortress,survive-round-5|buy-upgrades|survive-round-10,20|25|23|24|29|25|25|28|24|17,1|2|3|5|6|9|10|13|13|19,
6,10,player,31,2,318,strike|shot|mend|guard|cleave|flurry|fortress|arcane-rain,survive-round-5|buy-upgrades|survive-round-10,20|20|25|28|33|31|32|28|33|31,1|2|2|5|5|9|11|13|11|20,
7,18,base,0,3,659,strike|shot|mend|guard|purify|aimed-shot|flurry|volley|phalanx|meteor,survive-round-5|buy-upgrades|survive-round-10|defeat-elite|survive-round-15,20|20|25|28|28|33|31|31|36|35|35|28|23|23|15|11|5|5,1|1|2|4|6|8|11|11|12|19|20|20|20|19|20|19|20|19,
8,14,base,0,1,398,strike|shot|mend|guard|spark-burst|volley|flurry|meteor|arcane-rain,survive-round-5|buy-upgrades|survive-round-10,20|18|18|23|28|33|38|34|30|27|18|12|8|3,1|2|2|5|7|7|11|13|13|20|20|20|20|20,
9,10,player,24,1,267,strike|shot|mend|guard|spellblade|cleave|fortress|flurry,survive-round-5|buy-upgrades|survive-round-10,20|18|23|21|21|26|29|25|21|19,1|2|2|5|6|8|11|13|13|20,
10,15,base,0,2,394,strike|shot|mend|guard|flurry|spark-burst|fortress|meteor|phalanx|arcane-rain,survive-round-5|buy-upgrades|survive-round-10|survive-round-15|defeat-elite,20|18|21|22|22|23|24|27|25|30|22|16|13|8|3,1|2|3|5|6|9|11|12|13|20|20|20|20|20|19,
11,15,base,0,2,505,strike|shot|mend|guard|meteor|volley|flurry|fortress|arcane-rain|phalanx,survive-round-5|buy-upgrades|survive-round-10|survive-round-15|defeat-elite,20|18|21|26|31|29|27|28|28|33|27|19|15|12|5,1|2|3|4|6|9|10|13|11|19|20|20|20|20|20,
12,11,player,20,2,322,strike|shot|mend|guard|aimed-shot|spellblade|purify|volley|arcane-rain,survive-round-5|buy-upgrades|survive-round-10,20|18|21|21|24|24|29|30|26|26|20,1|2|3|4|6|9|10|13|13|18|20,
13,13,base,0,2,434,strike|shot|mend|guard|spellblade|flurry|volley|meteor|arcane-rain,survive-round-5|buy-upgrades|survive-round-10,20|18|18|23|28|28|33|29|34|32|23|13|4,1|2|2|3|6|8|10|13|11|20|20|20|20,
14,18,base,0,3,658,strike|shot|mend|guard|volley|cleave|fortress|flurry|arcane-rain|phalanx,survive-round-5|buy-upgrades|survive-round-10|survive-round-15|defeat-elite,20|18|23|28|28|29|29|34|34|33|28|23|16|13|13|8|3|3,1|2|2|3|6|9|10|12|11|20|20|20|20|20|19|19|20|19,
15,10,player,39,2,268,strike|shot|mend|guard|spark-burst|spellblade|volley|flurry,survive-round-5|buy-upgrades|survive-round-10,20|20|23|23|28|33|38|34|34|39,1|1|3|5|7|7|10|13|11|19,
16,19,base,0,3,590,strike|shot|mend|guard|fortress|flurry|volley|arcane-rain|phalanx|meteor,survive-round-5|buy-upgrades|survive-round-10|survive-round-15|defeat-elite,20|20|23|26|29|32|30|31|27|27|27|24|20|16|12|8|5|5|2,1|1|3|5|6|9|11|13|13|18|20|20|20|20|19|20|20|19|19,
17,14,base,0,2,501,strike|shot|mend|guard|spark-burst|volley|flurry|fortress|meteor|phalanx,survive-round-5|buy-upgrades|survive-round-10|defeat-elite,20|25|25|30|35|33|33|36|34|34|30|19|10|9,1|1|2|4|6|9|9|13|12|19|20|20|19|20,
18,14,base,0,2,447,strike|shot|mend|guard|spark-burst|flurry|volley|phalanx|meteor|arcane-rain,survive-round-5|buy-upgrades|survive-round-10|defeat-elite,20|18|21|22|23|23|26|26|31|23|15|10|8|3,1|2|3|5|7|7|11|11|12|20|20|20|20|19,
19,9,player,38,2,253,strike|shot|mend|guard|spellblade|volley|flurry,survive-round-5|buy-upgrades,20|18|18|23|23|28|33|38|38,1|2|3|4|6|8|10|12|11,
20,10,player,24,1,289,strike|shot|mend|guard|cleave|fortress|flurry|arcane-rain,survive-round-5|buy-upgrades|survive-round-10,20|25|25|28|33|31|34|30|31|24,1|1|2|5|5|9|11|13|13|20,
21,10,player,40,2,273,strike|shot|mend|guard|spellblade|spark-burst|volley|flurry,survive-round-5|buy-upgrades|survive-round-10,20|20|25|30|30|31|36|36|36|35,1|1|2|5|7|9|10|12|12|19,
22,14,base,0,2,475,strike|shot|mend|guard|aimed-shot|spark-burst|flurry|volley|meteor|phalanx,survive-round-5|buy-upgrades|survive-round-10|defeat-elite,20|18|21|21|22|22|27|32|30|25|15|6|6|2,1|2|3|4|7|7|10|11|13|20|20|20|20|20,
23,21,base,0,4,844,strike|shot|mend|guard|purify|volley|phalanx|arcane-rain|meteor|flurry,survive-round-5|buy-upgrades|survive-round-10|defeat-elite|survive-round-15,20|20|25|30|33|38|43|41|41|46|37|37|32|27|24|20|20|14|14|10|5,1|1|2|3|7|8|9|13|11|19|20|19|20|19|20|20|19|19|19|20|19,
24,12,player,23,2,368,strike|shot|mend|guard|renewal|spellblade|flurry|fortress|volley,survive-round-5|buy-upgrades|survive-round-10,20|25|25|28|28|33|31|31|34|30|21|18,1|1|2|5|6|8|11|13|12|19|20|20,
25,13,base,0,1,317,strike|shot|mend|guard|renewal|aimed-shot|flurry|arcane-rain|phalanx|meteor,survive-round-5|buy-upgrades|survive-round-10,20|18|23|26|22|23|24|20|21|14|10|6|1,1|2|2|5|7|9|11|13|13|20|20|20|20,
26,17,base,0,2,545,strike|shot|mend|guard|fortress|flurry|purify|arcane-rain|meteor|phalanx,survive-round-5|buy-upgrades|survive-round-10|survive-round-15|defeat-elite,20|20|23|24|25|28|28|31|31|29|25|21|16|12|7|4|1,1|1|3|5|7|8|10|12|12|20|20|20|20|20|19|20|20,
27,17,base,0,3,573,strike|shot|mend|guard|purify|flurry|volley|arcane-rain|meteor|phalanx,survive-round-5|buy-upgrades|survive-round-10|defeat-elite|survive-round-15,20|25|25|28|29|34|32|33|38|33|25|25|22|16|16|10|1,1|1|2|5|7|8|11|13|12|19|20|19|20|19|19|20|19,
28,13,base,0,1,333,strike|shot|mend|guard|spark-burst|volley|flurry|phalanx|meteor|arcane-rain,survive-round-5|buy-upgrades|survive-round-10,20|18|21|22|23|23|24|24|25|18|12|6|2,1|2|3|5|7|8|11|13|13|20|20|20|20,
29,16,base,0,2,515,strike|shot|mend|guard|flurry|aimed-shot|volley|arcane-rain|phalanx|meteor,survive-round-5|buy-upgrades|survive-round-10|survive-round-15|defeat-elite,20|18|23|23|26|26|31|32|35|35|33|29|23|19|13|5,1|2|2|4|7|9|10|13|12|19|20|20|20|20|19|20,
30,19,base,0,3,735,strike|shot|mend|guard|flurry|fortress|volley|phalanx|meteor|arcane-rain,survive-round-5|buy-upgrades|survive-round-10|defeat-elite|survive-round-15,20|25|30|30|35|35|40|38|39|36|32|27|23|23|15|10|6|6|2,1|1|2|4|6|8|9|13|13|20|20|20|19|19|20|19|20|19|19,
31,14,base,0,2,494,strike|shot|mend|guard|aimed-shot|bulwark|flurry|meteor|phalanx|arcane-rain,survive-round-5|buy-upgrades|survive-round-10,20|20|25|25|30|33|38|38|43|38|27|17|12|7,1|1|2|4|6|9|9|12|11|19|20|20|20|20,
32,20,base,0,4,789,strike|shot|mend|guard|purify|aimed-shot|volley|meteor|phalanx|arcane-rain,survive-round-5|buy-upgrades|survive-round-10|defeat-elite|survive-round-15,20|20|25|30|30|33|38|38|43|43|36|32|26|26|21|16|13|6|2|2,1|1|2|4|6|9|9|12|11|19|20|20|20|19|20|19|20|19|20|19,
33,9,player,28,2,262,strike|shot|mend|guard|cleave|spark-burst|volley|flurry,survive-round-5|buy-upgrades,20|18|21|21|26|31|29|27|28,1|2|3|3|6|8|11|13|13,
34,20,base,0,3,727,strike|shot|mend|guard|flurry|spellblade|volley|meteor|arcane-rain|phalanx,survive-round-5|buy-upgrades|survive-round-10|defeat-elite|survive-round-15,20|25|25|28|28|33|38|36|41|44|38|33|25|20|20|16|13|13|13|4,1|1|2|5|5|8|10|13|12|20|20|19|20|20|19|19|20|19|19|20,
35,11,player,18,1,283,strike|shot|mend|guard|aimed-shot|flurry|volley|arcane-rain|phalanx,survive-round-5|buy-upgrades|survive-round-10,20|25|25|28|29|29|32|32|33|25|13,1|2|2|5|7|8|11|13|13|20|20,
36,16,base,0,3,543,strike|shot|mend|guard|purify|flurry|volley|meteor|arcane-rain|phalanx,survive-round-5|buy-upgrades|survive-round-10|survive-round-15|defeat-elite,20|25|25|28|31|31|34|34|39|36|25|20|13|8|8|4,1|1|2|5|6|8|11|11|12|19|20|20|20|20|19|20,
37,17,base,0,3,629,strike|shot|mend|guard|purify|volley|flurry|arcane-rain|meteor|phalanx,survive-round-5|buy-upgrades|survive-round-10|survive-round-15|defeat-elite,20|25|25|28|31|29|30|33|33|33|28|25|18|14|8|8|5,1|1|2|4|7|8|11|12|11|19|20|20|20|20|20|19|19,
38,9,player,42,2,252,strike|shot|mend|guard|spellblade|volley|fortress|phalanx,survive-round-5|buy-upgrades,20|25|25|30|31|31|36|34|37,1|1|3|5|7|8|10|13|12,
39,10,player,33,2,289,strike|shot|mend|guard|cleave|spellblade|volley|flurry,survive-round-5|buy-upgrades|survive-round-10,20|20|23|19|22|23|28|26|26|28,1|1|3|5|6|9|9|13|12|19,
40,14,base,0,2,469,strike|shot|mend|guard|spark-burst|cleave|volley|phalanx|meteor|arcane-rain,survive-round-5|buy-upgrades|survive-round-10|defeat-elite,20|25|23|26|26|27|27|30|35|25|21|16|10|5,1|1|3|5|6|9|9|13|11|20|20|20|20|20,
41,16,base,0,2,477,strike|shot|mend|guard|fortress|flurry|volley|arcane-rain|meteor|phalanx,survive-round-5|buy-upgrades|survive-round-10|defeat-elite|survive-round-15,20|18|21|26|29|30|26|27|23|23|21|19|12|12|7|1,1|2|3|3|7|9|11|13|13|19|20|20|20|19|20|20,
42,16,base,0,1,453,strike|shot|mend|guard|phalanx|aimed-shot|flurry|volley|meteor|arcane-rain,survive-round-5|buy-upgrades|survive-round-10|survive-round-15,20|18|23|19|19|24|29|27|28|28|25|12|13|11|5|1,1|2|3|5|6|9|10|13|13|19|20|20|20|20|20|20,
43,13,base,0,2,401,strike|shot|mend|guard|cleave|dodge|flurry|arcane-rain|meteor|phalanx,survive-round-5|buy-upgrades|survive-round-10|defeat-elite,20|20|23|23|26|22|23|24|27|20|16|7|2,1|1|3|3|7|9|11|13|12|20|20|20|20,
44,9,player,35,2,271,strike|shot|mend|guard|dodge|spellblade|volley|flurry,survive-round-5|buy-upgrades,20|25|25|26|26|31|31|32|30,1|1|2|5|6|8|11|13|12,
45,14,base,0,2,391,strike|shot|mend|guard|aimed-shot|purify|volley|meteor|arcane-rain|phalanx,survive-round-5|buy-upgrades|survive-round-10|defeat-elite,20|25|25|26|27|28|24|27|25|23|18|13|8|4,1|1|2|5|7|9|11|12|13|20|20|20|20|20,
46,15,base,0,2,481,strike|shot|mend|guard|aimed-shot|volley|flurry|arcane-rain|phalanx|meteor,survive-round-5|buy-upgrades|survive-round-10|survive-round-15|defeat-elite,20|18|18|21|21|26|31|32|28|27|15|18|9|4|4,1|2|2|5|5|8|10|13|13|19|20|20|20|20|19,
47,14,base,0,2,481,strike|shot|mend|guard|cleave|spellblade|flurry|meteor|phalanx|arcane-rain,survive-round-5|buy-upgrades|survive-round-10|defeat-elite,20|18|23|23|28|38|38|36|39|36|33|26|8|3,1|2|2|4|6|8|10|12|13|20|20|20|20|19,
48,19,base,0,3,696,strike|shot|mend|guard|phalanx|spark-burst|fortress|volley|meteor|arcane-rain,survive-round-5|buy-upgrades|survive-round-10|survive-round-15|defeat-elite,20|20|23|23|28|33|33|38|38|36|30|24|20|16|14|10|6|6|4,1|1|3|3|6|7|10|13|11|20|20|20|20|20|19|20|20|19|19,
49,20,base,0,3,749,strike|shot|mend|guard|fortress|volley|flurry|arcane-rain|phalanx|meteor,survive-round-5|buy-upgrades|survive-round-10|defeat-elite|survive-round-15,20|18|23|28|33|33|36|36|39|39|36|33|27|24|20|13|13|13|10|4,1|2|2|4|6|8|11|12|12|19|20|20|19|20|20|20|19|20|19|20,
50,15,base,0,2,494,strike|shot|mend|guard|meteor|spellblade|purify|volley|phalanx|arcane-rain,survive-round-5|buy-upgrades|survive-round-10|defeat-elite|survive-round-15,20|18|23|28|28|31|34|34|30|25|22|16|10|10|6,1|2|2|4|6|9|10|12|13|20|20|20|20|19|20,
51,25,base,0,4,1006,strike|shot|mend|guard|fortress|spark-burst|flurry|meteor|arcane-rain|phalanx,survive-round-5|buy-upgrades|survive-round-10|defeat-elite|survive-round-15,20|18|23|21|26|31|31|36|41|46|39|39|39|36|36|32|30|30|25|19|10|10|6|2|2,1|2|2|5|6|8|10|12|11|19|20|19|20|19|19|20|19|19|20|19|20|19|19|20|19,
52,16,base,0,2,558,strike|shot|mend|guard|phalanx|aimed-shot|volley|flurry|meteor|arcane-rain,survive-round-5|buy-upgrades|survive-round-10|survive-round-15|defeat-elite,20|18|23|23|26|29|25|30|30|32|25|16|11|8|3|3,1|2|2|3|7|8|11|11|12|19|20|20|20|20|20|19,
53,12,player,13,1,312,strike|shot|mend|guard|aimed-shot|spark-burst|fortress|flurry|arcane-rain,survive-round-5|buy-upgrades|survive-round-10,20|25|23|23|24|20|25|28|28|33|22|13,1|1|3|5|7|9|11|12|12|19|20|20,
54,18,base,0,3,614,strike|shot|mend|guard|fortress|volley|flurry|phalanx|meteor|arcane-rain,survive-round-5|buy-upgrades|survive-round-10|defeat-elite|survive-round-15,20|20|25|30|31|36|36|41|41|42|38|30|30|29|22|18|13|5,1|1|3|4|7|8|10|12|12|20|20|20|19|20|19|20|19|20,
55,17,base,0,3,612,strike|shot|mend|guard|purify|flurry|volley|arcane-rain|meteor|phalanx,survive-round-5|buy-upgrades|survive-round-10|defeat-elite|survive-round-15,20|18|21|26|31|29|32|35|38|33|21|21|17|13|8|8|6,1|2|3|4|5|9|10|12|12|19|20|19|19|20|20|19|19,
56,14,base,0,1,384,strike|shot|mend|guard|cleave|fortress|flurry|arcane-rain|phalanx|meteor,survive-round-5|buy-upgrades|survive-round-10,20|25|30|26|27|25|26|22|25|20|20|14|7|1,1|1|3|5|7|8|11|13|12|20|20|20|20|20,
57,17,base,0,2,592,strike|shot|mend|guard|purify|flurry|volley|meteor|arcane-rain|phalanx,survive-round-5|buy-upgrades|survive-round-10|defeat-elite|survive-round-15,20|20|25|30|35|33|38|36|37|39|33|26|20|16|14|5|5,1|1|2|4|6|9|9|13|13|20|20|20|20|19|20|20|19,
58,10,player,34,2,298,strike|shot|mend|guard|spark-burst|spellblade|volley|flurry,survive-round-5|buy-upgrades|survive-round-10,20|20|23|24|24|29|34|32|32|34,1|1|3|5|6|8|9|13|11|20,
59,14,base,0,2,441,strike|shot|mend|guard|spark-burst|spellblade|volley|flurry|phalanx|meteor,survive-round-5|buy-upgrades|survive-round-10,20|20|25|26|22|23|26|26|26|31|19|12|9|4,1|2|2|5|7|9|10|12|12|18|20|20|20|20,
60,14,base,0,1,388,strike|shot|mend|guard|spellblade|cleave|flurry|meteor|phalanx|arcane-rain,survive-round-5|buy-upgrades|survive-round-10,20|18|21|19|24|25|25|30|35|29|23|16|11|4,1|2|3|5|6|9|10|12|13|19|20|20|20|20,
61,11,player,26,2,334,strike|shot|mend|guard|aimed-shot|flurry|volley|meteor,survive-round-5|buy-upgrades|survive-round-10,20|20|20|25|30|33|33|34|34|37|26,1|1|3|3|6|9|11|13|11|20|20,
62,9,player,35,2,270,strike|shot|mend|guard|spellblade|volley|flurry|phalanx,survive-round-5|buy-upgrades,20|25|25|28|29|34|32|37|35,1|1|2|5|7|8|11|12|12,
63,11,player,24,2,317,strike|shot|mend|guard|spellblade|spark-burst|volley|fortress|phalanx,survive-round-5|buy-upgrades|survive-round-10,20|18|23|23|28|26|31|31|36|32|24,1|2|2|5|7|8|10|12|12|20|20,
64,10,player,34,2,295,strike|shot|mend|guard|cleave|flurry|volley|meteor,survive-round-5|buy-upgrades|survive-round-10,20|18|23|26|31|31|34|30|35|29,1|2|2|5|5|8|11|13|12|19,
65,11,player,22,2,352,strike|shot|mend|guard|renewal|cleave|volley|flurry|phalanx,survive-round-5|buy-upgrades|survive-round-10,20|20|23|21|26|31|31|36|34|32|22,1|1|3|5|5|8|9|12|12|19|20,
66,18,base,0,3,650,strike|shot|mend|guard|fortress|aimed-shot|volley|meteor|phalanx|arcane-rain,survive-round-5|buy-upgrades|survive-round-10|defeat-elite|survive-round-15,20|25|25|30|30|33|34|39|39|40|29|23|23|18|14|8|8|2,1|1|3|3|6|9|11|11|12|20|20|20|19|20|19|20|19|19,
67,9,player,24,1,256,strike|shot|mend|guard|spellblade|flurry|volley,survive-round-5|buy-upgrades,20|18|18|23|24|25|25|28|24,1|2|3|4|7|9|9|13|13,
68,14,base,0,2,362,strike|shot|mend|guard|spark-burst|volley|purify|meteor|arcane-rain|phalanx,survive-round-5|buy-upgrades|survive-round-10|defeat-elite,20|18|21|22|23|21|24|29|25|25|20|14|11|6,1|2|3|5|7|8|10|13|13|20|20|20|20|20,
69,15,base,0,2,552,strike|shot|mend|guard|purify|flurry|volley|phalanx|arcane-rain|meteor,survive-round-5|buy-upgrades|survive-round-10|defeat-elite|survive-round-15,20|25|25|30|33|38|36|37|35|30|26|20|15|10|6,1|1|3|3|7|7|11|13|12|20|20|20|20|19|20,
70,18,base,0,3,597,strike|shot|mend|guard|purify|flurry|volley|phalanx|meteor|arcane-rain,survive-round-5|buy-upgrades|survive-round-10|defeat-elite|survive-round-15,20|25|25|30|33|29|32|30|33|27|22|18|16|12|7|2|2|2,1|1|3|4|7|9|10|13|12|19|20|20|20|19|20|20|19|19,
71,9,player,34,2,236,strike|shot|mend|guard|renewal|spark-burst|flurry|volley,survive-round-5|buy-upgrades,20|25|25|30|28|29|29|34|34,1|2|3|5|6|9|10|12|12,
72,16,base,0,2,523,strike|shot|mend|guard|meteor|spellblade|flurry|fortress|arcane-rain|phalanx,survive-round-5|buy-upgrades|survive-round-10|survive-round-15|defeat-elite,20|18|23|21|26|26|29|34|34|35|30|24|21|14|7|7,1|2|2|5|7|7|11|13|11|20|20|20|20|20|20|19,
73,11,player,28,2,338,strike|shot|mend|guard|spellblade|cleave|flurry|purify|phalanx,survive-round-5|buy-upgrades|survive-round-10,20|20|25|30|30|33|33|38|38|36|23,1|1|2|4|6|9|9|12|12|20|20,
74,13,base,0,2,421,strike|shot|mend|guard|spark-burst|aimed-shot|fortress|volley|phalanx|arcane-rain,survive-round-5|buy-upgrades|survive-round-10,20|25|23|23|24|24|27|28|24|24|15|7|4,1|1|3|4|7|7|11|13|13|18|20|20|20,
75,22,base,0,3,781,strike|shot|mend|guard|volley|flurry|meteor|phalanx|arcane-rain|fortress,survive-round-5|buy-upgrades|survive-round-10|defeat-elite|survive-round-15,20|20|18|23|28|29|34|35|38|36|35|27|24|19|15|15|12|10|10|5|1|1,1|1|3|3|6|9|11|13|12|20|20|20|19|20|20|19|19|20|19|20|19|19,
76,11,player,35,2,349,strike|shot|mend|guard|dodge|aimed-shot|flurry|volley|phalanx,survive-round-5|buy-upgrades|survive-round-10,20|18|21|26|24|24|29|30|30|30|30,1|2|3|3|7|8|9|13|11|19|20,
77,10,player,36,2,306,strike|shot|mend|guard|spark-burst|aimed-shot|cleave|volley,survive-round-5|buy-upgrades|survive-round-10,20|20|25|23|23|26|26|31|36|31,1|1|2|5|6|9|10|12|12|20,
78,9,player,33,1,253,strike|shot|mend|guard|cleave|volley|flurry|meteor,survive-round-5|buy-upgrades,20|25|30|30|33|33|36|32|33,1|2|2|4|7|7|11|13|13,
79,17,base,0,3,627,strike|shot|mend|guard|purify|flurry|volley|meteor|arcane-rain|phalanx,survive-round-5|buy-upgrades|survive-round-10|defeat-elite|survive-round-15,20|25|30|30|33|34|32|32|37|37|34|29|25|17|7|7|1,1|1|2|4|7|9|10|11|12|20|20|20|20|19|20|19|20,
80,10,player,31,2,298,strike|shot|mend|guard|cleave|volley|flurry|meteor,survive-round-5|buy-upgrades|survive-round-10,20|18|21|26|31|29|25|30|35|31,1|2|3|3|6|9|11|11|12|19,
81,14,base,0,1,413,strike|shot|mend|guard|aimed-shot|volley|flurry|purify|arcane-rain|meteor,survive-round-5|buy-upgrades|survive-round-10,20|25|25|30|31|27|27|30|28|24|15|10|5|1,1|1|2|5|7|9|9|13|13|20|20|20|20|20,
82,18,base,0,3,617,strike|shot|mend|guard|fortress|flurry|volley|purify|meteor|arcane-rain,survive-round-5|buy-upgrades|survive-round-10|survive-round-15|defeat-elite,20|18|21|26|31|31|36|36|36|37|34|22|15|12|8|6|2|2,1|2|3|4|6|8|9|12|12|19|20|20|20|20|19|20|20|19,
83,15,base,0,2,519,strike|shot|mend|guard|flurry|volley|fortress|arcane-rain|phalanx|meteor,survive-round-5|buy-upgrades|survive-round-10|defeat-elite|survive-round-15,20|25|25|30|33|34|32|33|31|36|29|16|10|10|6,1|1|2|4|7|9|10|13|12|19|20|20|20|19|20,
84,11,player,26,1,299,strike|shot|mend|guard|aimed-shot|flurry|volley|purify|meteor,survive-round-5|buy-upgrades|survive-round-10,20|18|21|26|31|27|27|32|30|28|26,1|2|3|4|7|9|10|12|13|19|20,
85,11,player,23,2,331,strike|shot|mend|guard|dodge|flurry|volley|fortress|phalanx,survive-round-5|buy-upgrades|survive-round-10,20|20|25|30|33|31|31|34|32|29|18,1|2|2|5|6|9|10|12|12|20|20,
86,10,player,31,1,276,strike|shot|mend|guard|aimed-shot|cleave|flurry|arcane-rain,survive-round-5|buy-upgrades|survive-round-10,20|25|25|30|30|33|31|34|35|31,1|2|2|4|6|9|10|13|13|20,
87,20,base,0,3,725,strike|shot|mend|guard|purify|volley|flurry|meteor|phalanx|arcane-rain,survive-round-5|buy-upgrades|survive-round-10|defeat-elite|survive-round-15,20|18|18|23|21|26|29|29|34|39|33|27|27|26|22|18|12|6|1|1,1|2|2|4|7|7|10|12|11|20|20|20|19|20|20|19|20|20|19|19,
88,10,player,30,1,298,strike|shot|mend|guard|aimed-shot|flurry|volley|phalanx,survive-round-5|buy-upgrades|survive-round-10,20|20|25|28|29|29|32|30|31|25,1|1|2|5|7|8|11|13|13|20,
89,12,base,0,1,305,strike|shot|mend|guard|aimed-shot|cleave|flurry|fortress|arcane-rain,survive-round-5|buy-upgrades|survive-round-10,20|20|23|26|26|27|28|24|24|20|8|1,1|1|3|5|7|9|11|13|12|20|20|20,
90,11,player,27,1,326,strike|shot|mend|guard|spark-burst|volley|flurry|phalanx,survive-round-5|buy-upgrades|survive-round-10,20|18|18|21|24|29|29|30|28|33|22,1|2|2|5|6|8|11|13|12|20|20,
91,16,base,0,2,569,strike|shot|mend|guard|volley|flurry|fortress|phalanx|arcane-rain|meteor,survive-round-5|buy-upgrades|survive-round-10|survive-round-15|defeat-elite,20|20|25|28|29|34|34|37|35|34|30|23|18|14|7|1,1|1|2|5|7|7|10|13|12|19|20|20|20|20|19|20,
92,10,player,36,2,341,strike|shot|mend|guard|cleave|volley|flurry|purify,survive-round-5|buy-upgrades|survive-round-10,20|20|23|28|31|31|36|36|32|31,1|1|3|3|7|9|9|12|13|19,
93,14,base,0,2,362,strike|shot|mend|guard|spark-burst|flurry|volley|phalanx|meteor|arcane-rain,survive-round-5|buy-upgrades|survive-round-10|defeat-elite,20|25|23|24|25|26|24|25|21|16|16|13|9|4,1|2|3|5|7|9|10|13|13|19|20|20|20|20,
94,9,player,41,2,233,strike|shot|mend|guard|spellblade|spark-burst|fortress|flurry,survive-round-5|buy-upgrades,20|20|23|21|26|31|36|36|36,1|1|3|4|6|8|10|13|11,
95,9,player,33,2,260,strike|shot|mend|guard|spark-burst|flurry|volley|meteor,survive-round-5|buy-upgrades,20|20|23|28|29|29|34|37|33,1|1|3|4|7|8|10|13|13,
96,11,player,24,1,292,strike|shot|mend|guard|spark-burst|volley|flurry|meteor,survive-round-5|buy-upgrades|survive-round-10,20|18|18|23|28|29|27|32|30|28|19,1|2|2|5|7|9|10|12|13|20|20,
97,20,base,0,3,752,strike|shot|mend|guard|volley|spark-burst|purify|phalanx|arcane-rain|meteor,survive-round-5|buy-upgrades|survive-round-10|defeat-elite|survive-round-15,20|20|25|25|30|33|33|38|43|40|33|29|23|18|18|16|12|7|7|1,1|2|2|5|6|9|9|11|12|20|20|20|19|20|19|20|19|20|19|20,
98,10,player,33,2,270,strike|shot|mend|guard|spellblade|flurry|fortress,survive-round-5|buy-upgrades|survive-round-10,20|18|16|21|26|31|31|32|28|33,1|2|3|5|6|8|10|13|13|18,
99,16,base,0,2,544,strike|shot|mend|guard|meteor|cleave|purify|flurry|volley|arcane-rain,survive-round-5|buy-upgrades|survive-round-10|survive-round-15,20|25|25|30|28|24|29|29|34|32|21|19|18|14|7|1,1|1|2|4|7|9|9|11|12|20|20|20|20|20|20|20,
100,18,base,0,2,696,strike|shot|mend|guard|purify|flurry|volley|phalanx|arcane-rain|meteor,survive-round-5|buy-upgrades|survive-round-10|defeat-elite|survive-round-15,20|20|25|30|35|35|40|38|41|38|38|32|25|20|17|13|11|6,1|1|2|4|6|8|10|12|12|19|20|20|19|20|20|20|20|20,
101,17,base,0,2,600,strike|shot|mend|guard|purify|volley|flurry|phalanx|arcane-rain|meteor,survive-round-5|buy-upgrades|survive-round-10|survive-round-15|defeat-elite,20|20|23|26|29|29|34|32|35|35|33|31|26|20|18|15|7,1|1|3|5|6|7|10|12|13|19|20|20|20|20|19|20|20,
102,14,base,0,1,395,strike|shot|mend|guard|dodge|cleave|volley|meteor|phalanx|arcane-rain,survive-round-5|buy-upgrades|survive-round-10,20|20|23|26|26|27|30|30|33|27|20|14|8|2,1|1|3|5|7|9|10|12|13|20|20|20|20|20,
103,14,base,0,2,455,strike|shot|mend|guard|spellblade|flurry|volley|arcane-rain|meteor,survive-round-5|buy-upgrades|survive-round-10,20|18|16|16|21|26|29|25|28|27|15|14|8|3,1|2|3|4|5|8|11|13|12|20|20|20|20|20,
104,14,base,0,2,489,strike|shot|mend|guard|cleave|spark-burst|flurry|purify|arcane-rain|phalanx,survive-round-5|buy-upgrades|survive-round-10|defeat-elite,20|20|25|25|30|33|31|34|32|31|19|12|7|2,1|1|3|4|6|9|10|12|12|19|20|20|20|20,
105,12,base,0,1,300,strike|shot|mend|guard|renewal|spellblade|flurry|fortress|arcane-rain,survive-round-5|buy-upgrades|survive-round-10,20|18|23|23|24|29|25|26|22|23|12|2,1|2|2|5|7|9|11|13|13|19|20|20,
106,10,player,35,2,310,strike|shot|mend|guard|aimed-shot|spellblade|flurry|phalanx,survive-round-5|buy-upgrades|survive-round-10,20|18|23|24|24|29|29|32|37|30,1|2|2|5|6|8|10|13|11|20,
107,9,player,25,1,235,strike|shot|mend|guard|spark-burst|cleave|volley|phalanx,survive-round-5|buy-upgrades,20|20|25|21|22|23|24|22|25,1|1|2|5|7|9|11|12|13,
108,14,base,0,2,390,strike|shot|mend|guard|spark-burst|volley|flurry|meteor|arcane-rain|phalanx,survive-round-5|buy-upgrades|survive-round-10|defeat-elite,20|20|23|26|27|23|26|31|29|20|18|12|6|1,1|2|3|4|7|9|10|12|13|20|20|20|20|19,
109,13,player,19,2,404,strike|shot|mend|guard|aimed-shot|volley|flurry|meteor|arcane-rain,survive-round-5|buy-upgrades|survive-round-10|defeat-elite,20|20|20|25|26|26|29|25|30|26|24|14|14,1|1|2|5|7|7|11|13|11|20|20|20|20,
110,12,base,0,1,298,strike|shot|mend|guard|aimed-shot|flurry|purify|phalanx|meteor,survive-round-5|buy-upgrades|survive-round-10,20|25|30|26|27|28|24|25|21|15|7|3,1|1|2|5|7|9|11|13|13|20|20|20,
111,21,base,0,4,786,strike|shot|mend|guard|fortress|flurry|purify|phalanx|meteor|arcane-rain,survive-round-5|buy-upgrades|survive-round-10|defeat-elite|survive-round-15,20|25|25|30|35|35|40|45|50|43|32|32|32|29|29|25|18|12|12|8|4,1|1|3|4|6|8|10|13|11|20|20|19|20|19|19|20|19|20|19|19|20,
112,10,player,31,2,276,strike|shot|mend|guard|spark-burst|spellblade|volley|phalanx,survive-round-5|buy-upgrades|survive-round-10,20|18|21|21|26|31|29|30|35|31,1|2|3|4|6|8|11|13|11|20,
113,11,player,19,2,341,strike|shot|mend|guard|aimed-shot|bulwark|volley|meteor|arcane-rain,survive-round-5|buy-upgrades|survive-round-10,20|25|23|23|28|31|32|28|33|28|19,1|1|3|3|6|9|11|13|12|19|20,
114,10,player,25,1,265,strike|shot|mend|guard|aimed-shot|flurry|fortress|arcane-rain,survive-round-5|buy-upgrades|survive-round-10,20|18|21|22|23|28|26|26|27|20,1|2|3|5|7|7|11|12|13|20,
115,10,player,25,1,271,strike|shot|mend|guard|aimed-shot|purify|volley|meteor,survive-round-5|buy-upgrades|survive-round-10,20|25|23|28|29|34|34|32|33|25,1|2|3|4|7|7|10|13|13|20,
116,19,base,0,3,700,strike|shot|mend|guard|flurry|fortress|volley|meteor|phalanx|arcane-rain,survive-round-5|buy-upgrades|survive-round-10|survive-round-15|defeat-elite,20|25|23|26|31|29|32|37|42|38|30|27|20|17|17|13|9|9|3,1|1|3|5|5|9|11|11|11|20|20|20|20|20|19|19|20|19|19,
117,10,player,38,1,263,strike|shot|mend|guard|spellblade|aimed-shot|purify|flurry,survive-round-5|buy-upgrades|survive-round-10,20|25|25|28|28|33|36|34|34|33,1|2|2|5|7|8|11|13|12|20,
118,12,player,11,2,357,strike|shot|mend|guard|cleave|volley|flurry|phalanx,survive-round-5|buy-upgrades|survive-round-10,20|18|18|21|21|24|27|32|30|24|18|6,1|2|2|5|6|9|11|11|13|19|20|20,
119,15,base,0,2,539,strike|shot|mend|guard|meteor|dodge|volley|flurry|arcane-rain|phalanx,survive-round-5|buy-upgrades|survive-round-10|survive-round-15|defeat-elite,20|20|25|25|30|35|33|38|36|36|23|19|16|10|2,1|1|2|4|5|8|10|12|13|19|20|20|20|20|19,
120,10,player,24,1,269,strike|shot|mend|guard|cleave|volley|flurry,survive-round-5|buy-upgrades|survive-round-10,20|18|18|19|24|24|29|29|32|24,1|2|2|5|7|8|10|12|13|20,
121,20,base,0,4,776,strike|shot|mend|guard|volley|purify|flurry|phalanx|arcane-rain|meteor,survive-round-5|buy-upgrades|survive-round-10|defeat-elite|survive-round-15,20|25|25|30|33|38|36|41|46|39|31|23|23|23|16|16|12|5|1|1,1|1|2|3|7|9|10|10|12|19|20|20|19|19|20|19|20|19|20|19,
122,9,player,33,2,245,strike|shot|mend|guard|spellblade|aimed-shot|fortress|flurry,survive-round-5|buy-upgrades,20|18|23|23|26|29|27|28|28,1|2|2|5|6|9|10|13|12,
123,15,base,0,2,477,strike|shot|mend|guard|spellblade|volley|fortress|arcane-rain|phalanx|meteor,survive-round-5|buy-upgrades|survive-round-10|survive-round-15|defeat-elite,20|18|18|23|28|33|31|36|32|32|28|17|8|7|4,1|2|2|5|5|8|11|13|13|19|20|20|20|20|19,
124,17,base,0,2,623,strike|shot|mend|guard|purify|spellblade|flurry|volley|meteor|arcane-rain,survive-round-5|buy-upgrades|survive-round-10|survive-round-15|defeat-elite,20|25|23|28|28|31|27|30|30|34|22|17|15|9|5|1|1,1|1|3|4|5|9|11|12|11|19|20|20|20|20|20|20|19,
125,13,base,0,1,377,strike|shot|mend|guard|spellblade|volley|flurry|meteor|phalanx,survive-round-5|buy-upgrades|survive-round-10,20|18|18|23|26|26|29|25|28|20|15|8|3,1|2|2|4|7|9|10|13|12|20|20|20|20,
126,10,player,29,2,269,strike|shot|mend|guard|spellblade|volley|flurry|meteor,survive-round-5|buy-upgrades|survive-round-10,20|25|23|28|29|34|32|32|37|29,1|1|3|5|7|7|11|11|12|20,
127,15,base,0,2,378,strike|shot|mend|guard|volley|flurry|purify|phalanx|arcane-rain|meteor,buy-upgrades|survive-round-5|survive-round-10|survive-round-15|defeat-elite,20|25|30|35|31|32|28|24|27|26|21|16|11|6|4,1|2|2|5|7|9|11|13|12|19|20|20|20|20|20,
128,10,player,41,2,291,strike|shot|mend|guard|aimed-shot|spellblade|volley|flurry,survive-round-5|buy-upgrades|survive-round-10,20|20|25|25|30|35|40|36|36|41,1|2|2|4|6|8|10|13|11|19,
129,23,base,0,4,904,strike|shot|mend|guard|fortress|bulwark|flurry|phalanx|arcane-rain|meteor,survive-round-5|buy-upgrades|survive-round-10|defeat-elite|survive-round-15,20|20|25|25|30|33|38|43|43|46|42|36|33|27|27|27|21|18|18|14|8|8|6,1|1|2|3|6|9|9|12|12|20|20|19|20|20|19|19|20|20|19|19|20|19|19,
130,18,base,0,3,635,strike|shot|mend|guard|fortress|purify|arcane-rain|phalanx|meteor|volley,survive-round-5|buy-upgrades|survive-round-10|defeat-elite|survive-round-15,20|25|30|30|31|36|39|42|42|37|31|31|28|21|16|12|12|5,1|1|2|4|7|8|11|12|11|19|20|19|19|20|19|20|19|19,
131,9,player,35,2,262,strike|shot|mend|guard|spark-burst|spellblade|volley|flurry,survive-round-5|buy-upgrades,20|18|23|21|26|31|34|30|30,1|2|2|5|7|7|11|13|12,
132,9,player,46,2,257,strike|shot|mend|guard|spellblade|cleave|flurry|phalanx,survive-round-5|buy-upgrades,20|18|23|28|28|31|31|36|41,1|2|3|4|5|9|9|12|12,
133,10,player,30,1,271,strike|shot|mend|guard|spellblade|flurry|fortress|meteor,survive-round-5|buy-upgrades|survive-round-10,20|20|23|24|25|25|28|28|33|30,1|1|3|5|7|8|11|13|11|20,
134,15,base,0,2,448,strike|shot|mend|guard|arcane-rain|volley|fortress|flurry|meteor|phalanx,survive-round-5|buy-upgrades|survive-round-10|survive-round-15|defeat-elite,20|18|23|26|31|29|30|26|26|23|27|22|16|11|5,1|2|2|5|6|9|11|13|12|20|20|20|20|20|19,
135,21,base,0,3,743,strike|shot|mend|guard|fortress|flurry|purify|arcane-rain|meteor|phalanx,survive-round-5|buy-upgrades|survive-round-10|defeat-elite|survive-round-15,20|25|30|30|31|31|34|39|40|38|36|32|29|23|23|14|11|11|11|8|4,1|2|3|4|7|7|11|12|13|20|20|20|19|20|19|19|20|19|20|19|20,
136,18,base,0,2,652,strike|shot|mend|guard|purify|flurry|fortress|volley|meteor|arcane-rain,survive-round-5|buy-upgrades|survive-round-10|defeat-elite|survive-round-15,20|20|23|28|31|31|36|32|32|32|21|21|15|15|15|9|4|1,1|1|3|4|7|7|11|13|11|20|20|20|20|19|20|20|19|20,
137,18,base,0,3,644,strike|shot|mend|guard|volley|spellblade|flurry|fortress|phalanx|arcane-rain,survive-round-5|buy-upgrades|survive-round-10|survive-round-15|defeat-elite,20|20|25|23|23|28|31|31|36|41|31|26|18|16|13|8|2|2,1|1|2|5|5|8|11|11|12|19|20|20|20|20|19|20|20|19,
138,10,player,31,2,282,strike|shot|mend|guard|aimed-shot|volley|flurry|meteor,survive-round-5|buy-upgrades|survive-round-10,20|25|25|28|29|30|26|26|31|31,1|1|2|5|7|9|11|11|12|19,
139,11,player,22,2,329,strike|shot|mend|guard|spark-burst|spellblade|flurry|volley|arcane-rain,survive-round-5|buy-upgrades|survive-round-10,20|20|23|23|26|31|31|36|34|27|22,1|1|3|4|6|8|10|12|12|20|20,
140,12,player,4,1,305,strike|shot|mend|guard|cleave|spark-burst|volley|flurry|arcane-rain,survive-round-5|buy-upgrades|survive-round-10,20|18|21|21|22|27|23|23|26|18|14|4,1|2|3|4|7|9|11|12|13|20|20|20,
141,10,player,27,1,289,strike|shot|mend|guard|spellblade|volley|flurry,survive-round-5|buy-upgrades|survive-round-10,20|18|18|23|28|31|34|30|26|27,1|2|2|5|5|9|11|13|13|19,
142,10,player,42,2,266,strike|shot|mend|guard|spark-burst|aimed-shot|volley|meteor,survive-round-5|buy-upgrades|survive-round-10,20|20|23|28|24|29|34|32|37|37,1|1|3|4|7|8|10|13|11|20,
143,10,player,30,1,254,strike|shot|mend|guard|aimed-shot|flurry|volley|fortress,survive-round-5|buy-upgrades|survive-round-10,20|20|25|30|31|27|27|32|28|30,1|1|3|5|7|9|10|12|13|19,
144,16,base,0,2,539,strike|shot|mend|guard|spark-burst|flurry|purify|arcane-rain|phalanx|meteor,survive-round-5|buy-upgrades|survive-round-10|defeat-elite|survive-round-15,20|20|18|23|26|31|29|29|32|31|27|18|10|5|1|1,1|1|3|4|7|7|11|11|13|20|20|20|20|19|20|19,
145,20,base,0,3,771,strike|shot|mend|guard|purify|volley|flurry|phalanx|meteor|arcane-rain,survive-round-5|buy-upgrades|survive-round-10|defeat-elite|survive-round-15,20|18|23|28|33|38|36|39|39|38|33|30|30|26|19|13|13|10|2|2,1|2|2|5|5|8|11|12|12|19|20|20|19|20|19|20|19|19|20|19,
146,17,base,0,3,614,strike|shot|mend|guard|purify|volley|flurry|meteor|phalanx|arcane-rain,survive-round-5|buy-upgrades|survive-round-10|defeat-elite|survive-round-15,20|25|23|24|27|27|32|32|37|35|29|23|19|13|5|5|3,1|2|3|5|6|7|10|12|11|20|20|20|20|19|20|19|20,
147,11,player,25,2,354,strike|shot|mend|guard|spark-burst|cleave|fortress|volley|meteor,survive-round-5|buy-upgrades|survive-round-10,20|18|23|23|28|26|31|29|29|28|20,1|2|2|4|6|9|9|12|12|20|20,
148,16,base,0,2,550,strike|shot|mend|guard|fortress|spellblade|flurry|phalanx|arcane-rain|meteor,survive-round-5|buy-upgrades|survive-round-10|defeat-elite|survive-round-15,20|18|23|26|26|36|34|34|39|35|29|26|19|14|9|5,1|2|2|4|6|8|11|11|12|20|20|20|20|19|20|20,
149,10,player,34,2,299,strike|shot|mend|guard|aimed-shot|volley|purify,survive-round-5|buy-upgrades|survive-round-10,20|18|18|23|28|28|31|36|36|34,1|2|2|4|6|9|10|12|12|19,
150,15,base,0,3,548,strike|shot|mend|guard|flurry|fortress|volley|meteor|phalanx|arcane-rain,buy-upgrades|survive-round-5|survive-round-10|defeat-elite|survive-round-15,20|25|30|35|33|33|34|32|35|28|20|13|11|11|5,1|1|2|3|7|8|11|12|12|20|20|20|20|19|20,
151,14,base,0,2,438,strike|shot|mend|guard|cleave|spellblade|flurry|volley|meteor|phalanx,survive-round-5|buy-upgrades|survive-round-10,20|18|23|28|28|29|32|28|28|29|20|8|10|4,1|2|2|4|7|9|10|13|12|19|20|20|20|20,
152,19,base,0,3,698,strike|shot|mend|guard|purify|volley|arcane-rain|phalanx|meteor|flurry,survive-round-5|buy-upgrades|survive-round-10|survive-round-15|defeat-elite,20|18|18|23|28|33|38|36|41|41|35|30|25|19|19|19|13|10|5,1|2|2|4|6|8|10|12|11|20|20|20|20|20|19|20|20|19|20,
153,18,base,0,3,617,strike|shot|mend|guard|purify|volley|flurry|arcane-rain|meteor|phalanx,survive-round-5|buy-upgrades|survive-round-10|survive-round-15|defeat-elite,20|18|16|16|21|26|27|27|32|33|30|25|20|16|10|5|1|1,1|2|3|4|5|8|11|12|12|19|20|20|20|20|19|20|20|19,
154,17,base,0,3,610,strike|shot|mend|guard|purify|volley|flurry|meteor|arcane-rain|phalanx,buy-upgrades|survive-round-5|survive-round-10|defeat-elite|survive-round-15,20|25|30|35|33|33|34|35|33|31|26|22|16|12|12|4|1,1|1|2|4|7|8|11|13|12|19|20|20|19|20|19|20|19,
155,11,player,30,1,307,strike|shot|mend|guard|aimed-shot|spellblade|purify|flurry|phalanx,survive-round-5|buy-upgrades|survive-round-10,20|20|23|23|28|33|38|36|32|32|30,1|2|3|4|7|8|10|13|13|19|20,
156,14,base,0,1,356,strike|shot|mend|guard|renewal|volley|flurry|arcane-rain|phalanx|meteor,survive-round-5|buy-upgrades|survive-round-10,20|18|23|24|27|23|23|28|31|25|19|14|9|4,1|2|3|5|6|9|11|13|12|20|20|20|20|20,
157,11,player,30,2,344,strike|shot|mend|guard|spark-burst|renewal|flurry|volley|arcane-rain,survive-round-5|buy-upgrades|survive-round-10,20|25|25|30|30|33|33|36|36|41|30,1|1|2|3|6|8|10|12|11|19|20,
158,10,player,30,2,293,strike|shot|mend|guard|spellblade|cleave|flurry|meteor,survive-round-5|buy-upgrades|survive-round-10,20|20|23|26|24|27|27|32|33|25,1|1|3|5|6|8|10|11|13|20,
159,9,player,33,2,251,strike|shot|mend|guard|spark-burst|flurry|volley,survive-round-5|buy-upgrades,20|18|16|17|22|22|27|30|28,1|2|3|5|7|8|9|13|12,
160,9,player,32,2,272,strike|shot|mend|guard|spark-burst|aimed-shot|fortress|flurry,survive-round-5|buy-upgrades,20|20|23|23|28|33|29|29|32,1|1|3|4|6|8|11|11|12,
161,16,base,0,2,510,strike|shot|mend|guard|arcane-rain|flurry|purify|volley|meteor|phalanx,survive-round-5|buy-upgrades|survive-round-10|survive-round-15,20|20|25|28|29|29|34|32|32|34|27|23|17|11|7|5,1|2|2|5|7|8|10|13|11|20|20|20|20|20|20|20,
162,21,base,0,4,831,strike|shot|mend|guard|fortress|volley|purify|phalanx|arcane-rain|meteor,survive-round-5|buy-upgrades|survive-round-10|defeat-elite|survive-round-15,20|25|30|28|31|32|32|37|40|40|37|35|29|24|24|21|21|15|9|5|5,1|1|2|5|6|9|9|12|12|19|20|19|20|20|19|19|19|20|19|20|19,
163,13,player,25,2,420,strike|shot|mend|guard|bulwark|cleave|flurry|volley|phalanx|meteor,survive-round-5|buy-upgrades|survive-round-10|defeat-elite,20|20|25|25|30|33|31|31|32|27|32|23|20,1|2|2|4|6|9|10|12|13|20|20|20|19,
164,12,base,0,1,311,strike|shot|mend|guard|aimed-shot|volley|flurry|meteor|phalanx,survive-round-5|buy-upgrades|survive-round-10,20|25|23|26|27|32|28|29|25|22|13|8,1|1|3|5|7|9|11|13|13|20|20|20,
165,11,player,24,2,361,strike|shot|mend|guard|renewal|fortress|volley|flurry|meteor,survive-round-5|buy-upgrades|survive-round-10,20|20|25|30|33|33|33|38|38|34|24,1|1|2|4|6|8|10|12|12|19|20,
166,10,player,35,2,264,strike|shot|mend|guard|renewal|volley|purify,survive-round-5|buy-upgrades|survive-round-10,20|18|18|23|28|31|27|32|32|30,1|2|2|5|6|9|11|11|12|20,
167,21,base,0,3,698,strike|shot|mend|guard|purify|flurry|fortress|meteor|phalanx|arcane-rain,survive-round-5|buy-upgrades|survive-round-10|survive-round-15|defeat-elite,20|25|30|30|31|32|30|30|35|40|34|31|31|24|19|15|15|10|4|2|2,1|1|3|5|7|9|10|12|12|19|20|20|20|20|19|20|19|20|19|20|19,
168,11,player,18,1,302,strike|shot|mend|guard|spark-burst|volley|flurry|purify|meteor,survive-round-5|buy-upgrades|survive-round-10,20|20|25|30|31|27|28|26|26|29|18,1|1|3|5|7|9|11|12|12|20|20,
169,20,base,0,3,727,strike|shot|mend|guard|purify|flurry|volley|arcane-rain|phalanx|meteor,survive-round-5|buy-upgrades|survive-round-10|survive-round-15|defeat-elite,20|18|23|28|31|31|32|32|37|31|29|25|24|19|19|19|11|6|3|3,1|2|2|4|7|8|11|12|11|20|20|20|20|20|19|20|19|20|20|19,
170,12,base,0,1,355,strike|shot|mend|guard|aimed-shot|flurry|volley|purify|meteor,survive-round-5|buy-upgrades|survive-round-10,20|20|25|26|27|27|30|26|22|22|13|6,1|1|2|5|7|8|11|13|13|20|20|20,
171,15,base,0,2,502,strike|shot|mend|guard|arcane-rain|renewal|flurry|volley|meteor|phalanx,survive-round-5|buy-upgrades|survive-round-10|survive-round-15|defeat-elite,20|20|25|21|21|26|31|34|32|32|27|22|14|9|2,1|1|2|5|6|8|10|13|12|19|20|20|20|20|19,
172,9,player,33,2,238,strike|shot|mend|guard|aimed-shot|volley|fortress|flurry,survive-round-5|buy-upgrades,20|20|23|26|27|27|32|32|28,1|2|3|4|7|9|9|12|13,
173,10,player,38,2,260,strike|shot|mend|guard|cleave|flurry|volley|meteor,survive-round-5|buy-upgrades|survive-round-10,20|25|23|24|25|30|28|28|33|33,1|1|3|5|7|8|11|12|12|19,
174,10,player,24,2,302,strike|shot|mend|guard|spark-burst|flurry|volley|purify,survive-round-5|buy-upgrades|survive-round-10,20|18|21|24|29|27|27|28|28|24,1|2|3|4|6|9|9|13|11|20,
175,17,base,0,3,595,strike|shot|mend|guard|fortress|flurry|purify|arcane-rain|meteor|phalanx,survive-round-5|buy-upgrades|survive-round-10|defeat-elite|survive-round-15,20|25|25|28|31|31|34|39|37|31|25|17|12|9|4|4|4,1|1|2|5|6|8|11|12|12|20|20|20|20|19|20|19|20,
176,13,base,0,1,335,strike|shot|mend|guard|aimed-shot|spellblade|flurry|arcane-rain|phalanx|meteor,survive-round-5|buy-upgrades|survive-round-10,20|20|25|26|22|23|24|24|25|20|9|6|1,1|1|2|5|7|9|11|13|13|20|20|20|20,
177,16,base,0,3,591,strike|shot|mend|guard|purify|bulwark|flurry|arcane-rain|phalanx|meteor,survive-round-5|buy-upgrades|survive-round-10|defeat-elite|survive-round-15,20|20|23|28|28|33|33|36|39|38|20|14|14|9|1|1,1|2|3|3|6|9|9|13|12|20|20|20|19|19|20|19,
178,19,base,0,3,657,strike|shot|mend|guard|volley|flurry|fortress|phalanx|meteor|arcane-rain,survive-round-5|buy-upgrades|survive-round-10|defeat-elite|survive-round-15,20|20|23|26|29|29|34|34|39|44|39|35|29|23|23|18|11|11|6,1|1|3|4|7|7|11|11|12|19|20|20|19|20|19|20|19|19|20,
179,15,base,0,2,472,strike|shot|mend|guard|volley|purify|flurry|arcane-rain|meteor|phalanx,survive-round-5|buy-upgrades|survive-round-10|defeat-elite|survive-round-15,20|20|23|26|27|28|26|26|31|31|19|13|6|6|2,1|1|3|5|7|9|10|12|12|19|20|20|20|19|20,
180,13,base,0,1,331,strike|shot|mend|guard|cleave|spellblade|flurry|meteor|phalanx|arcane-rain,survive-round-5|buy-upgrades|survive-round-10,20|18|21|22|22|23|24|20|25|18|14|8|5,1|2|3|5|7|9|11|13|11|20|20|20|20,
181,23,base,0,4,952,strike|shot|mend|guard|purify|flurry|volley|arcane-rain|meteor|phalanx,survive-round-5|buy-upgrades|survive-round-10|defeat-elite|survive-round-15,20|18|23|28|33|31|31|36|41|46|41|37|30|30|30|25|20|20|17|16|16|8|3,1|2|2|3|6|9|9|12|12|19|19|20|20|19|20|19|20|19|19|20|19|19|20,
182,20,base,0,3,709,strike|shot|mend|guard|purify|flurry|volley|arcane-rain|meteor|phalanx,survive-round-5|buy-upgrades|survive-round-10|defeat-elite|survive-round-15,20|20|25|30|33|34|34|37|42|37|31|28|24|24|24|18|18|12|6|2,1|1|2|4|7|9|9|13|11|20|20|20|20|19|19|20|19|19|20|19,
183,10,player,34,2,292,strike|shot|mend|guard|bulwark|spellblade|volley|meteor,survive-round-5|buy-upgrades|survive-round-10,20|25|30|26|26|31|27|30|35|29,1|2|2|5|5|8|11|12|12|19,
184,11,player,16,1,301,strike|shot|mend|guard|aimed-shot|spark-burst|flurry|volley|arcane-rain,survive-round-5|buy-upgrades|survive-round-10,20|25|25|25|28|28|29|25|23|22|16,1|2|2|4|7|9|11|13|12|20|20,
185,9,player,29,1,248,strike|shot|mend|guard|spark-burst|flurry|volley|phalanx,survive-round-5|buy-upgrades,20|25|30|28|29|30|26|31|29,1|1|2|5|7|9|11|12|13,
186,16,base,0,3,545,strike|shot|mend|guard|purify|volley|flurry|arcane-rain|meteor|phalanx,survive-round-5|buy-upgrades|survive-round-10|survive-round-15|defeat-elite,20|18|23|28|31|36|34|39|39|39|22|16|11|9|3|3,1|2|2|4|6|8|11|11|12|19|20|20|20|20|20|19,
187,18,base,0,3,619,strike|shot|mend|guard|fortress|flurry|volley|phalanx|arcane-rain|meteor,survive-round-5|buy-upgrades|survive-round-10|defeat-elite|survive-round-15,20|20|25|28|31|34|30|33|29|27|22|15|9|6|4|1|1|1,1|1|2|5|6|9|11|12|13|19|20|20|20|19|20|20|19|20,
188,12,base,0,1,309,strike|shot|mend|guard|cleave|flurry|purify|phalanx|meteor,survive-round-5|buy-upgrades|survive-round-10,20|18|21|26|29|30|26|27|23|19|13|5,1|2|3|3|7|9|11|13|13|20|20|20,
189,19,base,0,3,740,strike|shot|mend|guard|flurry|volley|purify|arcane-rain|meteor|phalanx,survive-round-5|buy-upgrades|survive-round-10|defeat-elite|survive-round-15,20|18|23|28|31|31|34|34|39|44|36|32|32|26|20|16|9|9|2,1|2|2|4|6|8|11|11|12|18|20|20|19|19|20|19|20|19|20,
190,14,base,0,1,406,strike|shot|mend|guard|spark-burst|volley|flurry|meteor|arcane-rain|phalanx,survive-round-5|buy-upgrades|survive-round-10,20|18|23|28|33|31|32|28|33|25|20|15|10|7,1|2|2|4|6|9|11|13|13|20|20|20|20|20,
191,19,base,0,3,658,strike|shot|mend|guard|flurry|spellblade|purify|arcane-rain|phalanx|meteor,survive-round-5|buy-upgrades|survive-round-10|survive-round-15|defeat-elite,20|20|23|23|28|29|34|34|39|39|39|34|28|23|16|10|6|1|1,1|1|3|4|7|9|9|12|11|19|20|20|20|20|20|20|19|20|19,
192,10,player,24,1,265,strike|shot|mend|guard|cleave|volley|flurry|fortress,survive-round-5|buy-upgrades|survive-round-10,20|25|23|28|31|27|32|28|26|24,1|1|3|4|7|9|11|13|12|20,
193,11,player,29,2,340,strike|shot|mend|guard|spellblade|bulwark|volley|purify|phalanx,survive-round-5|buy-upgrades|survive-round-10,20|25|25|30|30|33|38|34|34|39|29,1|2|2|4|7|8|10|13|11|20|20,
194,13,base,0,1,364,strike|shot|mend|guard|cleave|renewal|flurry|meteor|phalanx|arcane-rain,survive-round-5|buy-upgrades|survive-round-10,20|25|23|24|20|25|25|26|27|17|16|8|2,1|1|3|5|7|8|10|13|13|20|20|20|20,
195,17,base,0,3,621,strike|shot|mend|guard|volley|aimed-shot|fortress|phalanx|arcane-rain|meteor,survive-round-5|buy-upgrades|survive-round-10|defeat-elite|survive-round-15,20|20|25|30|30|35|35|36|39|39|28|21|18|12|8|4|4,1|1|2|4|6|8|10|13|12|18|20|20|20|19|20|20|19,
196,19,base,0,3,736,strike|shot|mend|guard|fortress|purify|flurry|arcane-rain|phalanx|meteor,survive-round-5|buy-upgrades|survive-round-10|survive-round-15|defeat-elite,20|20|20|25|30|35|35|40|38|38|37|27|20|16|12|6|6|6|3,1|1|2|3|6|8|10|11|13|19|20|20|20|20|20|20|19|20|19,
197,11,player,25,1,303,strike|shot|mend|guard|aimed-shot|spark-burst|volley|fortress|phalanx,survive-round-5|buy-upgrades|survive-round-10,20|20|25|30|28|28|33|29|30|31|20,1|1|2|5|6|8|11|13|13|20|20,
198,20,base,0,3,807,strike|shot|mend|guard|arcane-rain|aimed-shot|flurry|volley|phalanx|meteor,survive-round-5|buy-upgrades|survive-round-10|defeat-elite|survive-round-15,20|20|25|30|28|28|33|36|36|41|43|33|33|28|23|17|17|12|7|2,1|1|2|4|7|8|9|13|11|19|20|20|19|20|19|20|19|19|20|19,
199,9,player,37,2,251,strike|shot|mend|guard|renewal|spellblade|volley|phalanx,survive-round-5|buy-upgrades,20|18|23|28|28|24|29|34|37,1|2|2|3|6|9|9|12|13,
200,15,base,0,3,532,strike|shot|mend|guard|purify|flurry|volley|phalanx|meteor|arcane-rain,survive-round-5|buy-upgrades|survive-round-10|defeat-elite|survive-round-15,20|20|25|26|27|27|32|28|31|25|22|18|13|8|4,1|1|2|5|7|7|10|13|12|19|20|20|20|19|20,
